                  epoch,         train/box_loss,         train/cls_loss,         train/dfl_loss,   metrics/precision(B),      metrics/recall(B),       metrics/mAP50(B),    metrics/mAP50-95(B),           val/box_loss,           val/cls_loss,           val/dfl_loss,                 lr/pg0,                 lr/pg1,                 lr/pg2
                      1,                 1.5001,                 1.5213,                 1.3101,                0.61403,                0.40206,                0.43047,                0.21479,                  1.675,                 1.6154,                 1.4835,             0.00066597,             0.00066597,             0.00066597
                      2,                 1.5025,                 1.3679,                 1.3232,                0.67304,                0.45244,                 0.4822,                0.25022,                 1.6495,                 1.4458,                 1.4933,              0.0010688,              0.0010688,              0.0010688
                      3,                  1.448,                 1.2941,                  1.297,                0.66012,                 0.4954,                0.54088,                0.27822,                 1.5644,                 1.2508,                 1.4126,              0.0012076,              0.0012076,              0.0012076
                      4,                 1.3718,                 1.2071,                 1.2573,                0.72477,                0.50863,                0.58464,                 0.3124,                 1.4746,                 1.1497,                 1.3385,               0.000812,               0.000812,               0.000812
                      5,                 1.2921,                 1.1118,                 1.2207,                0.71735,                0.53912,                0.60856,                0.33797,                  1.385,                 1.0614,                 1.2679,               0.000416,               0.000416,               0.000416
